instance,horizon,model_sha256,oracle,joint,joint_exact,gate,gate_exact,myopic,myopic_exact,greedy_voi,greedy_voi_exact,verify_then_act,verify_then_act_exact,never_repair,never_repair_exact,always_repair,always_repair_exact,gate_gap,gate_gap_exact
F0,4,f9d9518067e5321b635baf3b0337f4c5013584cca7b6a5c5c6842f70ef4164b7,2.4,3.0,3,3.0,3,3.0,3,3.0,3,3.3,33/10,3.0,3,3.0,3,0.0,0
F1,10,175e4c45aebe65f9674f4596a165e3aac28129ad01742cba5625abc787f68da3,0.3,4.8,24/5,6.3,63/10,6.3,63/10,6.3,63/10,4.8,24/5,6.3,63/10,4.8,24/5,1.5,3/2
F2,3,02a81de0a24d6c44c1a2f17a9b75648519d60f29a0c5d57b13671a4933e448c0,0.03,1.12,28/25,1.13,113/100,1.12,28/25,1.12,28/25,1.13,113/100,2.3,23/10,1.12,28/25,0.01,1/100
F3,5,9caccad6a12af11aaa3e78e4aa041a42800f74355324f447008799cc0f084711,0.03,1.4,7/5,2.13,213/100,1.4,7/5,1.4,7/5,2.13,213/100,3.6,18/5,1.4,7/5,0.73,73/100
F4,5,2f95276d3f333320c4133f79273f9e604e065cc873bf6f9f4b9b9aba52f7eced,0.3,2.64,66/25,2.64,66/25,3.6,18/5,3.6,18/5,2.64,66/25,2.968,371/125,3.35,67/20,0.0,0
F5,5,4abf37e476bb4e5b83c5f6e3e4f117d796f56fe3f1ea9b9cf998282267ce5349,0.72,2.3075,923/400,2.652,663/250,2.37,237/100,2.37,237/100,2.652,663/250,2.968,371/125,2.3075,923/400,0.3445,689/2000
F6,5,69f8b19ef2894327d6811b2ecbdeb8a44d325f27f36e765766d30dc1d2829c7e,0.03,0.94656,2958/3125,1.92904,24113/12500,0.94656,2958/3125,0.94656,2958/3125,1.90656,5958/3125,3.6,18/5,0.94656,2958/3125,0.98248,12281/12500
F7,5,cb40342ae99422029e2453f1b5535c6a9866486073ccac55e09a3e1ac0b157f4,0.78,1.975,79/40,3.6,18/5,1.975,79/40,1.975,79/40,2.82,141/50,3.6,18/5,1.975,79/40,1.625,13/8
F8,1,91c4a48d396c7d7b9b12a3975d6b1bd579794b45095895980733415d0f01797b,0.025,0.75,3/4,0.9,9/10,0.75,3/4,0.75,3/4,0.9,9/10,0.9,9/10,0.75,3/4,0.15,3/20
