horizon,prior,action,repair_optimal,KEEP,VERIFY,REPAIR,value
1,0.0,KEEP,0,0.0,0.5,0.3,0.0
1,0.01,KEEP,0,0.04,0.52,0.318,0.04
1,0.02,KEEP,0,0.08,0.54,0.336,0.08
1,0.03,KEEP,0,0.12,0.56,0.354,0.12
1,0.04,KEEP,0,0.16,0.58,0.372,0.16
1,0.05,KEEP,0,0.2,0.6,0.39,0.2
1,0.06,KEEP,0,0.24,0.62,0.408,0.24
1,0.07,KEEP,0,0.28,0.64,0.426,0.28
1,0.08,KEEP,0,0.32,0.66,0.444,0.32
1,0.09,KEEP,0,0.36,0.68,0.462,0.36
1,0.1,KEEP,0,0.4,0.7,0.48,0.4
1,0.11,KEEP,0,0.44,0.72,0.498,0.44
1,0.12,KEEP,0,0.48,0.74,0.516,0.48
1,0.13,KEEP,0,0.52,0.76,0.534,0.52
1,0.14,REPAIR,1,0.56,0.78,0.552,0.552
1,0.15,REPAIR,1,0.6,0.8,0.57,0.57
1,0.16,REPAIR,1,0.64,0.82,0.588,0.588
1,0.17,REPAIR,1,0.68,0.84,0.606,0.606
1,0.18,REPAIR,1,0.72,0.86,0.624,0.624
1,0.19,REPAIR,1,0.76,0.88,0.642,0.642
1,0.2,REPAIR,1,0.8,0.9,0.66,0.66
1,0.21,REPAIR,1,0.84,0.9,0.678,0.678
1,0.22,REPAIR,1,0.88,0.9,0.696,0.696
1,0.23,REPAIR,1,0.92,0.9,0.714,0.714
1,0.24,REPAIR,1,0.96,0.9,0.732,0.732
1,0.25,REPAIR,1,1.0,0.9,0.75,0.75
1,0.26,REPAIR,1,1.04,0.9,0.768,0.768
1,0.27,REPAIR,1,1.08,0.9,0.786,0.786
1,0.28,REPAIR,1,1.12,0.9,0.804,0.804
1,0.29,REPAIR,1,1.16,0.9,0.822,0.822
1,0.3,REPAIR,1,1.2,0.9,0.84,0.84
1,0.31,REPAIR,1,1.24,0.9,0.858,0.858
1,0.32,REPAIR,1,1.28,0.9,0.876,0.876
1,0.33,REPAIR,1,1.32,0.9,0.894,0.894
1,0.34,VERIFY,0,1.36,0.9,0.912,0.9
1,0.35,VERIFY,0,1.4,0.9,0.93,0.9
1,0.36,VERIFY,0,1.44,0.9,0.948,0.9
1,0.37,VERIFY,0,1.48,0.9,0.966,0.9
1,0.38,VERIFY,0,1.52,0.9,0.984,0.9
1,0.39,VERIFY,0,1.56,0.9,1.002,0.9
1,0.4,VERIFY,0,1.6,0.9,1.02,0.9
1,0.41,VERIFY,0,1.64,0.9,1.038,0.9
1,0.42,VERIFY,0,1.68,0.9,1.056,0.9
1,0.43,VERIFY,0,1.72,0.9,1.074,0.9
1,0.44,VERIFY,0,1.76,0.9,1.092,0.9
1,0.45,VERIFY,0,1.8,0.9,1.11,0.9
1,0.46,VERIFY,0,1.84,0.9,1.128,0.9
1,0.47,VERIFY,0,1.88,0.9,1.146,0.9
1,0.48,VERIFY,0,1.92,0.9,1.164,0.9
1,0.49,VERIFY,0,1.96,0.9,1.182,0.9
1,0.5,VERIFY,0,2.0,0.9,1.2,0.9
1,0.51,VERIFY,0,2.0,0.9,1.178,0.9
1,0.52,VERIFY,0,2.0,0.9,1.156,0.9
1,0.53,VERIFY,0,2.0,0.9,1.134,0.9
1,0.54,VERIFY,0,2.0,0.9,1.112,0.9
1,0.55,VERIFY,0,2.0,0.9,1.09,0.9
1,0.56,VERIFY,0,2.0,0.9,1.068,0.9
1,0.57,VERIFY,0,2.0,0.9,1.046,0.9
1,0.58,VERIFY,0,2.0,0.9,1.024,0.9
1,0.59,VERIFY,0,2.0,0.9,1.002,0.9
1,0.6,VERIFY,0,2.0,0.9,0.98,0.9
1,0.61,VERIFY,0,2.0,0.9,0.958,0.9
1,0.62,VERIFY,0,2.0,0.9,0.936,0.9
1,0.63,VERIFY,0,2.0,0.9,0.914,0.9
1,0.64,REPAIR,1,2.0,0.9,0.892,0.892
1,0.65,REPAIR,1,2.0,0.9,0.87,0.87
1,0.66,REPAIR,1,2.0,0.9,0.848,0.848
1,0.67,REPAIR,1,2.0,0.9,0.826,0.826
1,0.68,REPAIR,1,2.0,0.9,0.804,0.804
1,0.69,REPAIR,1,2.0,0.9,0.782,0.782
1,0.7,REPAIR,1,2.0,0.9,0.76,0.76
1,0.71,REPAIR,1,2.0,0.9,0.738,0.738
1,0.72,REPAIR,1,2.0,0.9,0.716,0.716
1,0.73,REPAIR,1,2.0,0.9,0.694,0.694
1,0.74,REPAIR,1,2.0,0.9,0.672,0.672
1,0.75,REPAIR,1,2.0,0.9,0.65,0.65
1,0.76,REPAIR,1,2.0,0.9,0.628,0.628
1,0.77,REPAIR,1,2.0,0.9,0.606,0.606
1,0.78,REPAIR,1,2.0,0.9,0.584,0.584
1,0.79,REPAIR,1,2.0,0.9,0.562,0.562
1,0.8,REPAIR,1,2.0,0.9,0.54,0.54
1,0.81,REPAIR,1,2.0,0.88,0.518,0.518
1,0.82,REPAIR,1,2.0,0.86,0.496,0.496
1,0.83,REPAIR,1,2.0,0.84,0.474,0.474
1,0.84,REPAIR,1,2.0,0.82,0.452,0.452
1,0.85,REPAIR,1,2.0,0.8,0.43,0.43
1,0.86,REPAIR,1,2.0,0.78,0.408,0.408
1,0.87,REPAIR,1,2.0,0.76,0.386,0.386
1,0.88,REPAIR,1,2.0,0.74,0.364,0.364
1,0.89,REPAIR,1,2.0,0.72,0.342,0.342
1,0.9,REPAIR,1,2.0,0.7,0.32,0.32
1,0.91,REPAIR,1,2.0,0.68,0.298,0.298
1,0.92,REPAIR,1,2.0,0.66,0.276,0.276
1,0.93,REPAIR,1,2.0,0.64,0.254,0.254
1,0.94,REPAIR,1,2.0,0.62,0.232,0.232
1,0.95,REPAIR,1,2.0,0.6,0.21,0.21
1,0.96,REPAIR,1,2.0,0.58,0.188,0.188
1,0.97,REPAIR,1,2.0,0.56,0.166,0.166
1,0.98,REPAIR,1,2.0,0.54,0.144,0.144
1,0.99,REPAIR,1,2.0,0.52,0.122,0.122
1,1.0,REPAIR,1,2.0,0.5,0.1,0.1
2,0.0,KEEP,0,0.0,0.5,0.5,0.0
2,0.01,KEEP,0,0.06,0.54,0.516,0.06
2,0.02,KEEP,0,0.12,0.58,0.532,0.12
2,0.03,KEEP,0,0.18,0.62,0.548,0.18
2,0.04,KEEP,0,0.24,0.6568,0.564,0.24
2,0.05,KEEP,0,0.3,0.681,0.58,0.3
2,0.06,KEEP,0,0.36,0.7052,0.596,0.36
2,0.07,KEEP,0,0.42,0.7294,0.612,0.42
2,0.08,KEEP,0,0.48,0.7536,0.628,0.48
2,0.09,KEEP,0,0.54,0.7778,0.644,0.54
2,0.1,KEEP,0,0.6,0.802,0.66,0.6
2,0.11,KEEP,0,0.66,0.8262,0.676,0.66
2,0.12,REPAIR,1,0.72,0.8408,0.692,0.692
2,0.13,REPAIR,1,0.78,0.8542,0.708,0.708
2,0.14,REPAIR,1,0.832,0.8676,0.724,0.724
2,0.15,REPAIR,1,0.87,0.881,0.74,0.74
2,0.16,REPAIR,1,0.908,0.8944,0.756,0.756
2,0.17,REPAIR,1,0.946,0.9078,0.772,0.772
2,0.18,REPAIR,1,0.984,0.9212,0.788,0.788
2,0.19,REPAIR,1,1.022,0.9346,0.804,0.804
2,0.2,REPAIR,1,1.06,0.948,0.82,0.82
2,0.21,REPAIR,1,1.098,0.9614,0.836,0.836
2,0.22,REPAIR,1,1.136,0.9748,0.852,0.852
2,0.23,REPAIR,1,1.174,0.9882,0.868,0.868
2,0.24,REPAIR,1,1.212,1.0016,0.884,0.884
2,0.25,REPAIR,1,1.25,1.015,0.9,0.9
2,0.26,REPAIR,1,1.288,1.0284,0.916,0.916
2,0.27,REPAIR,1,1.326,1.0418,0.932,0.932
2,0.28,REPAIR,1,1.364,1.0552,0.948,0.948
2,0.29,REPAIR,1,1.402,1.0686,0.964,0.964
2,0.3,REPAIR,1,1.44,1.082,0.98,0.98
2,0.31,REPAIR,1,1.478,1.0902,0.996,0.996
2,0.32,REPAIR,1,1.516,1.0944,1.012,1.012
2,0.33,REPAIR,1,1.554,1.0986,1.028,1.028
2,0.34,REPAIR,1,1.58,1.1028,1.044,1.044
2,0.35,REPAIR,1,1.6,1.107,1.06,1.06
2,0.36,REPAIR,1,1.62,1.1112,1.076,1.076
2,0.37,REPAIR,1,1.64,1.1154,1.092,1.092
2,0.38,REPAIR,1,1.66,1.1196,1.108,1.108
2,0.39,VERIFY,0,1.68,1.122,1.124,1.122
2,0.4,VERIFY,0,1.7,1.12,1.14,1.12
2,0.41,VERIFY,0,1.72,1.118,1.156,1.118
2,0.42,VERIFY,0,1.74,1.116,1.172,1.116
2,0.43,VERIFY,0,1.76,1.114,1.188,1.114
2,0.44,VERIFY,0,1.78,1.112,1.204,1.112
2,0.45,VERIFY,0,1.8,1.11,1.22,1.11
2,0.46,VERIFY,0,1.82,1.108,1.236,1.108
2,0.47,VERIFY,0,1.84,1.106,1.252,1.106
2,0.48,VERIFY,0,1.86,1.104,1.268,1.104
2,0.49,VERIFY,0,1.88,1.102,1.284,1.102
2,0.5,VERIFY,0,1.9,1.1,1.3,1.1
2,0.51,VERIFY,0,1.92,1.098,1.276,1.098
2,0.52,VERIFY,0,1.94,1.096,1.252,1.096
2,0.53,VERIFY,0,1.96,1.094,1.228,1.094
2,0.54,VERIFY,0,1.98,1.092,1.204,1.092
2,0.55,VERIFY,0,2.0,1.09,1.18,1.09
2,0.56,VERIFY,0,2.02,1.088,1.156,1.088
2,0.57,VERIFY,0,2.04,1.086,1.132,1.086
2,0.58,VERIFY,0,2.06,1.084,1.108,1.084
2,0.59,VERIFY,0,2.08,1.082,1.084,1.082
2,0.6,REPAIR,1,2.1,1.08,1.06,1.06
2,0.61,REPAIR,1,2.12,1.078,1.036,1.036
2,0.62,REPAIR,1,2.14,1.076,1.012,1.012
2,0.63,REPAIR,1,2.16,1.074,0.988,0.988
2,0.64,REPAIR,1,2.172,1.072,0.964,0.964
2,0.65,REPAIR,1,2.17,1.07,0.94,0.94
2,0.66,REPAIR,1,2.168,1.068,0.916,0.916
2,0.67,REPAIR,1,2.166,1.0636,0.892,0.892
2,0.68,REPAIR,1,2.164,1.0544,0.868,0.868
2,0.69,REPAIR,1,2.162,1.0452,0.844,0.844
2,0.7,REPAIR,1,2.16,1.036,0.82,0.82
2,0.71,REPAIR,1,2.158,1.0268,0.796,0.796
2,0.72,REPAIR,1,2.156,1.0176,0.772,0.772
2,0.73,REPAIR,1,2.154,1.0084,0.748,0.748
2,0.74,REPAIR,1,2.152,0.9992,0.724,0.724
2,0.75,REPAIR,1,2.15,0.99,0.7,0.7
2,0.76,REPAIR,1,2.148,0.9808,0.676,0.676
2,0.77,REPAIR,1,2.146,0.9716,0.652,0.652
2,0.78,REPAIR,1,2.144,0.9624,0.628,0.628
2,0.79,REPAIR,1,2.142,0.9532,0.604,0.604
2,0.8,REPAIR,1,2.14,0.944,0.58,0.58
2,0.81,REPAIR,1,2.138,0.9348,0.556,0.556
2,0.82,REPAIR,1,2.136,0.9256,0.532,0.532
2,0.83,REPAIR,1,2.134,0.9164,0.508,0.508
2,0.84,REPAIR,1,2.132,0.9072,0.484,0.484
2,0.85,REPAIR,1,2.13,0.898,0.46,0.46
2,0.86,REPAIR,1,2.128,0.8888,0.436,0.436
2,0.87,REPAIR,1,2.126,0.8796,0.412,0.412
2,0.88,REPAIR,1,2.124,0.864,0.388,0.388
2,0.89,REPAIR,1,2.122,0.842,0.364,0.364
2,0.9,REPAIR,1,2.12,0.82,0.34,0.34
2,0.91,REPAIR,1,2.118,0.798,0.316,0.316
2,0.92,REPAIR,1,2.116,0.776,0.292,0.292
2,0.93,REPAIR,1,2.114,0.754,0.268,0.268
2,0.94,REPAIR,1,2.112,0.732,0.244,0.244
2,0.95,REPAIR,1,2.11,0.71,0.22,0.22
2,0.96,REPAIR,1,2.108,0.688,0.196,0.196
2,0.97,REPAIR,1,2.106,0.666,0.172,0.172
2,0.98,REPAIR,1,2.104,0.644,0.148,0.148
2,0.99,REPAIR,1,2.102,0.622,0.124,0.124
2,1.0,REPAIR,1,2.1,0.6,0.1,0.1
3,0.0,KEEP,0,0.0,0.5,0.7,0.0
3,0.01,KEEP,0,0.08,0.56,0.714,0.08
3,0.02,KEEP,0,0.16,0.62,0.728,0.16
3,0.03,KEEP,0,0.24,0.68,0.742,0.24
3,0.04,KEEP,0,0.32,0.7112,0.756,0.32
3,0.05,KEEP,0,0.4,0.739,0.77,0.4
3,0.06,KEEP,0,0.48,0.7668,0.784,0.48
3,0.07,KEEP,0,0.56,0.7946,0.798,0.56
3,0.08,KEEP,0,0.64,0.8224,0.812,0.64
3,0.09,KEEP,0,0.72,0.8502,0.826,0.72
3,0.1,KEEP,0,0.8,0.878,0.84,0.8
3,0.11,REPAIR,1,0.88,0.9058,0.854,0.854
3,0.12,REPAIR,1,0.932,0.9336,0.868,0.868
3,0.13,REPAIR,1,0.968,0.9614,0.882,0.882
3,0.14,REPAIR,1,1.004,0.9864,0.896,0.896
3,0.15,REPAIR,1,1.04,1.004,0.91,0.91
3,0.16,REPAIR,1,1.076,1.0216,0.924,0.924
3,0.17,REPAIR,1,1.112,1.0392,0.938,0.938
3,0.18,REPAIR,1,1.148,1.0568,0.952,0.952
3,0.19,REPAIR,1,1.184,1.0744,0.966,0.966
3,0.2,REPAIR,1,1.22,1.092,0.98,0.98
3,0.21,REPAIR,1,1.256,1.1096,0.994,0.994
3,0.22,REPAIR,1,1.292,1.1272,1.008,1.008
3,0.23,REPAIR,1,1.328,1.1448,1.022,1.022
3,0.24,REPAIR,1,1.364,1.1624,1.036,1.036
3,0.25,REPAIR,1,1.4,1.18,1.05,1.05
3,0.26,REPAIR,1,1.436,1.1976,1.064,1.064
3,0.27,REPAIR,1,1.472,1.2106,1.078,1.078
3,0.28,REPAIR,1,1.508,1.2184,1.092,1.092
3,0.29,REPAIR,1,1.544,1.2262,1.106,1.106
3,0.3,REPAIR,1,1.58,1.234,1.12,1.12
3,0.31,REPAIR,1,1.616,1.2418,1.134,1.134
3,0.32,REPAIR,1,1.652,1.2496,1.148,1.148
3,0.33,REPAIR,1,1.688,1.2574,1.162,1.162
3,0.34,REPAIR,1,1.724,1.264,1.176,1.176
3,0.35,REPAIR,1,1.76,1.26,1.19,1.19
3,0.36,REPAIR,1,1.796,1.256,1.204,1.204
3,0.37,REPAIR,1,1.832,1.252,1.218,1.218
3,0.38,REPAIR,1,1.868,1.248,1.232,1.232
3,0.39,VERIFY,0,1.902,1.244,1.246,1.244
3,0.4,VERIFY,0,1.92,1.24,1.26,1.24
3,0.41,VERIFY,0,1.938,1.236,1.274,1.236
3,0.42,VERIFY,0,1.956,1.232,1.288,1.232
3,0.43,VERIFY,0,1.974,1.228,1.302,1.228
3,0.44,VERIFY,0,1.992,1.224,1.316,1.224
3,0.45,VERIFY,0,2.01,1.22,1.33,1.22
3,0.46,VERIFY,0,2.028,1.216,1.344,1.216
3,0.47,VERIFY,0,2.046,1.212,1.358,1.212
3,0.48,VERIFY,0,2.064,1.208,1.372,1.208
3,0.49,VERIFY,0,2.082,1.204,1.386,1.204
3,0.5,VERIFY,0,2.1,1.2,1.4,1.2
3,0.51,VERIFY,0,2.118,1.196,1.374,1.196
3,0.52,VERIFY,0,2.136,1.192,1.348,1.192
3,0.53,VERIFY,0,2.154,1.188,1.322,1.188
3,0.54,VERIFY,0,2.172,1.184,1.296,1.184
3,0.55,VERIFY,0,2.19,1.18,1.27,1.18
3,0.56,VERIFY,0,2.208,1.176,1.244,1.176
3,0.57,VERIFY,0,2.226,1.172,1.218,1.172
3,0.58,VERIFY,0,2.244,1.168,1.192,1.168
3,0.59,VERIFY,0,2.262,1.164,1.166,1.164
3,0.6,REPAIR,1,2.26,1.16,1.14,1.14
3,0.61,REPAIR,1,2.256,1.156,1.114,1.114
3,0.62,REPAIR,1,2.252,1.152,1.088,1.088
3,0.63,REPAIR,1,2.248,1.148,1.062,1.062
3,0.64,REPAIR,1,2.244,1.144,1.036,1.036
3,0.65,REPAIR,1,2.24,1.14,1.01,1.01
3,0.66,REPAIR,1,2.236,1.136,0.984,0.984
3,0.67,REPAIR,1,2.232,1.132,0.958,0.958
3,0.68,REPAIR,1,2.228,1.128,0.932,0.932
3,0.69,REPAIR,1,2.224,1.124,0.906,0.906
3,0.7,REPAIR,1,2.22,1.12,0.88,0.88
3,0.71,REPAIR,1,2.216,1.116,0.854,0.854
3,0.72,REPAIR,1,2.212,1.1104,0.828,0.828
3,0.73,REPAIR,1,2.208,1.0986,0.802,0.802
3,0.74,REPAIR,1,2.204,1.0868,0.776,0.776
3,0.75,REPAIR,1,2.2,1.075,0.75,0.75
3,0.76,REPAIR,1,2.196,1.0632,0.724,0.724
3,0.77,REPAIR,1,2.192,1.0514,0.698,0.698
3,0.78,REPAIR,1,2.188,1.0396,0.672,0.672
3,0.79,REPAIR,1,2.184,1.0278,0.646,0.646
3,0.8,REPAIR,1,2.18,1.016,0.62,0.62
3,0.81,REPAIR,1,2.176,1.0042,0.594,0.594
3,0.82,REPAIR,1,2.172,0.9924,0.568,0.568
3,0.83,REPAIR,1,2.168,0.9806,0.542,0.542
3,0.84,REPAIR,1,2.164,0.9688,0.516,0.516
3,0.85,REPAIR,1,2.16,0.957,0.49,0.49
3,0.86,REPAIR,1,2.156,0.936,0.464,0.464
3,0.87,REPAIR,1,2.152,0.912,0.438,0.438
3,0.88,REPAIR,1,2.148,0.888,0.412,0.412
3,0.89,REPAIR,1,2.144,0.864,0.386,0.386
3,0.9,REPAIR,1,2.14,0.84,0.36,0.36
3,0.91,REPAIR,1,2.136,0.816,0.334,0.334
3,0.92,REPAIR,1,2.132,0.792,0.308,0.308
3,0.93,REPAIR,1,2.128,0.768,0.282,0.282
3,0.94,REPAIR,1,2.124,0.744,0.256,0.256
3,0.95,REPAIR,1,2.12,0.72,0.23,0.23
3,0.96,REPAIR,1,2.116,0.696,0.204,0.204
3,0.97,REPAIR,1,2.112,0.672,0.178,0.178
3,0.98,REPAIR,1,2.108,0.648,0.152,0.152
3,0.99,REPAIR,1,2.104,0.624,0.126,0.126
3,1.0,REPAIR,1,2.1,0.6,0.1,0.1
4,0.0,KEEP,0,0.0,0.5,0.9,0.0
4,0.01,KEEP,0,0.1,0.58,0.912,0.1
4,0.02,KEEP,0,0.2,0.66,0.924,0.2
4,0.03,KEEP,0,0.3,0.7342,0.936,0.3
4,0.04,KEEP,0,0.4,0.7656,0.948,0.4
4,0.05,KEEP,0,0.5,0.797,0.96,0.5
4,0.06,KEEP,0,0.6,0.8284,0.972,0.6
4,0.07,KEEP,0,0.7,0.8598,0.984,0.7
4,0.08,KEEP,0,0.8,0.8912,0.996,0.8
4,0.09,KEEP,0,0.9,0.9226,1.008,0.9
4,0.1,VERIFY,0,1.0,0.954,1.02,0.954
4,0.11,VERIFY,0,1.074,0.9854,1.032,0.9854
4,0.12,VERIFY,0,1.108,1.0168,1.044,1.0168
4,0.13,VERIFY,0,1.142,1.0482,1.056,1.0482
4,0.14,REPAIR,1,1.176,1.0768,1.068,1.068
4,0.15,REPAIR,1,1.21,1.098,1.08,1.08
4,0.16,REPAIR,1,1.244,1.1192,1.092,1.092
4,0.17,REPAIR,1,1.278,1.1404,1.104,1.104
4,0.18,REPAIR,1,1.312,1.1616,1.116,1.116
4,0.19,REPAIR,1,1.346,1.1828,1.128,1.128
4,0.2,REPAIR,1,1.38,1.204,1.14,1.14
4,0.21,REPAIR,1,1.414,1.2252,1.152,1.152
4,0.22,REPAIR,1,1.448,1.2464,1.164,1.164
4,0.23,REPAIR,1,1.482,1.2676,1.176,1.176
4,0.24,REPAIR,1,1.516,1.2888,1.188,1.188
4,0.25,REPAIR,1,1.55,1.31,1.2,1.2
4,0.26,REPAIR,1,1.584,1.3312,1.212,1.212
4,0.27,REPAIR,1,1.618,1.3478,1.224,1.224
4,0.28,REPAIR,1,1.652,1.3592,1.236,1.236
4,0.29,REPAIR,1,1.686,1.3706,1.248,1.248
4,0.3,REPAIR,1,1.72,1.382,1.26,1.26
4,0.31,REPAIR,1,1.754,1.3934,1.272,1.272
4,0.32,REPAIR,1,1.788,1.4048,1.284,1.284
4,0.33,REPAIR,1,1.822,1.402,1.296,1.296
4,0.34,REPAIR,1,1.856,1.396,1.308,1.308
4,0.35,REPAIR,1,1.89,1.39,1.32,1.32
4,0.36,REPAIR,1,1.924,1.384,1.332,1.332
4,0.37,REPAIR,1,1.958,1.378,1.344,1.344
4,0.38,REPAIR,1,1.992,1.372,1.356,1.356
4,0.39,VERIFY,0,2.024,1.366,1.368,1.366
4,0.4,VERIFY,0,2.04,1.36,1.38,1.36
4,0.41,VERIFY,0,2.056,1.354,1.392,1.354
4,0.42,VERIFY,0,2.072,1.348,1.404,1.348
4,0.43,VERIFY,0,2.088,1.342,1.416,1.342
4,0.44,VERIFY,0,2.104,1.336,1.428,1.336
4,0.45,VERIFY,0,2.12,1.33,1.44,1.33
4,0.46,VERIFY,0,2.136,1.324,1.452,1.324
4,0.47,VERIFY,0,2.152,1.318,1.464,1.318
4,0.48,VERIFY,0,2.168,1.312,1.476,1.312
4,0.49,VERIFY,0,2.184,1.306,1.488,1.306
4,0.5,VERIFY,0,2.2,1.3,1.5,1.3
4,0.51,VERIFY,0,2.216,1.294,1.472,1.294
4,0.52,VERIFY,0,2.232,1.288,1.444,1.288
4,0.53,VERIFY,0,2.248,1.282,1.416,1.282
4,0.54,VERIFY,0,2.264,1.276,1.388,1.276
4,0.55,VERIFY,0,2.28,1.27,1.36,1.27
4,0.56,VERIFY,0,2.296,1.264,1.332,1.264
4,0.57,VERIFY,0,2.312,1.258,1.304,1.258
4,0.58,VERIFY,0,2.328,1.252,1.276,1.252
4,0.59,VERIFY,0,2.344,1.246,1.248,1.246
4,0.6,REPAIR,1,2.34,1.24,1.22,1.22
4,0.61,REPAIR,1,2.334,1.234,1.192,1.192
4,0.62,REPAIR,1,2.328,1.228,1.164,1.164
4,0.63,REPAIR,1,2.322,1.222,1.136,1.136
4,0.64,REPAIR,1,2.316,1.216,1.108,1.108
4,0.65,REPAIR,1,2.31,1.21,1.08,1.08
4,0.66,REPAIR,1,2.304,1.204,1.052,1.052
4,0.67,REPAIR,1,2.298,1.198,1.024,1.024
4,0.68,REPAIR,1,2.292,1.192,0.996,0.996
4,0.69,REPAIR,1,2.286,1.186,0.968,0.968
4,0.7,REPAIR,1,2.28,1.18,0.94,0.94
4,0.71,REPAIR,1,2.274,1.174,0.912,0.912
4,0.72,REPAIR,1,2.268,1.1664,0.884,0.884
4,0.73,REPAIR,1,2.262,1.1526,0.856,0.856
4,0.74,REPAIR,1,2.256,1.1388,0.828,0.828
4,0.75,REPAIR,1,2.25,1.125,0.8,0.8
4,0.76,REPAIR,1,2.244,1.1112,0.772,0.772
4,0.77,REPAIR,1,2.238,1.0974,0.744,0.744
4,0.78,REPAIR,1,2.232,1.0836,0.716,0.716
4,0.79,REPAIR,1,2.226,1.0698,0.688,0.688
4,0.8,REPAIR,1,2.22,1.056,0.66,0.66
4,0.81,REPAIR,1,2.214,1.0422,0.632,0.632
4,0.82,REPAIR,1,2.208,1.0284,0.604,0.604
4,0.83,REPAIR,1,2.202,1.0146,0.576,0.576
4,0.84,REPAIR,1,2.196,1.0008,0.548,0.548
4,0.85,REPAIR,1,2.19,0.987,0.52,0.52
4,0.86,REPAIR,1,2.184,0.964,0.492,0.492
4,0.87,REPAIR,1,2.178,0.938,0.464,0.464
4,0.88,REPAIR,1,2.172,0.912,0.436,0.436
4,0.89,REPAIR,1,2.166,0.886,0.408,0.408
4,0.9,REPAIR,1,2.16,0.86,0.38,0.38
4,0.91,REPAIR,1,2.154,0.834,0.352,0.352
4,0.92,REPAIR,1,2.148,0.808,0.324,0.324
4,0.93,REPAIR,1,2.142,0.782,0.296,0.296
4,0.94,REPAIR,1,2.136,0.756,0.268,0.268
4,0.95,REPAIR,1,2.13,0.73,0.24,0.24
4,0.96,REPAIR,1,2.124,0.704,0.212,0.212
4,0.97,REPAIR,1,2.118,0.678,0.184,0.184
4,0.98,REPAIR,1,2.112,0.652,0.156,0.156
4,0.99,REPAIR,1,2.106,0.626,0.128,0.128
4,1.0,REPAIR,1,2.1,0.6,0.1,0.1
6,0.0,KEEP,0,0.0,0.5,1.3,0.0
6,0.01,KEEP,0,0.14,0.62,1.308,0.14
6,0.02,KEEP,0,0.28,0.74,1.316,0.28
6,0.03,KEEP,0,0.42,0.80424,1.324,0.42
6,0.04,KEEP,0,0.56,0.85904,1.332,0.56
6,0.05,KEEP,0,0.7,0.9078,1.34,0.7
6,0.06,KEEP,0,0.84,0.9516,1.348,0.84
6,0.07,KEEP,0,0.98,0.9902,1.356,0.98
6,0.08,VERIFY,0,1.12,1.0288,1.364,1.0288
6,0.09,VERIFY,0,1.175,1.0674,1.372,1.0674
6,0.1,VERIFY,0,1.23,1.106,1.38,1.106
6,0.11,VERIFY,0,1.285,1.1446,1.388,1.1446
6,0.12,VERIFY,0,1.34,1.1832,1.396,1.1832
6,0.13,VERIFY,0,1.395,1.2218,1.404,1.2218
6,0.14,VERIFY,0,1.4472,1.2576,1.412,1.2576
6,0.15,VERIFY,0,1.492,1.286,1.42,1.286
6,0.16,VERIFY,0,1.5368,1.3144,1.428,1.3144
6,0.17,VERIFY,0,1.5816,1.3428,1.436,1.3428
6,0.18,VERIFY,0,1.6264,1.3712,1.444,1.3712
6,0.19,VERIFY,0,1.67,1.3996,1.452,1.3996
6,0.2,VERIFY,0,1.7,1.428,1.46,1.428
6,0.21,VERIFY,0,1.73,1.4564,1.468,1.4564
6,0.22,REPAIR,1,1.76,1.4848,1.476,1.476
6,0.23,REPAIR,1,1.79,1.5132,1.484,1.484
6,0.24,REPAIR,1,1.82,1.5416,1.492,1.492
6,0.25,REPAIR,1,1.85,1.57,1.5,1.5
6,0.26,REPAIR,1,1.88,1.59432,1.508,1.508
6,0.27,REPAIR,1,1.91,1.59704,1.516,1.516
6,0.28,REPAIR,1,1.94,1.59456,1.524,1.524
6,0.29,REPAIR,1,1.97,1.59208,1.532,1.532
6,0.3,REPAIR,1,2.0,1.5896,1.54,1.54
6,0.31,REPAIR,1,2.03,1.58712,1.548,1.548
6,0.32,REPAIR,1,2.06,1.58464,1.556,1.556
6,0.33,REPAIR,1,2.09,1.58216,1.564,1.564
6,0.34,REPAIR,1,2.12,1.57968,1.572,1.572
6,0.35,VERIFY,0,2.15,1.5772,1.58,1.5772
6,0.36,VERIFY,0,2.18,1.57472,1.588,1.57472
6,0.37,VERIFY,0,2.21,1.57224,1.596,1.57224
6,0.38,VERIFY,0,2.24,1.56976,1.604,1.56976
6,0.39,VERIFY,0,2.268,1.56696,1.612,1.56696
6,0.4,VERIFY,0,2.28,1.5616,1.62,1.5616
6,0.41,VERIFY,0,2.292,1.55624,1.628,1.55624
6,0.42,VERIFY,0,2.304,1.55088,1.636,1.55088
6,0.43,VERIFY,0,2.316,1.54552,1.644,1.54552
6,0.44,VERIFY,0,2.328,1.54016,1.652,1.54016
6,0.45,VERIFY,0,2.34,1.5348,1.66,1.5348
6,0.46,VERIFY,0,2.352,1.52944,1.668,1.52944
6,0.47,VERIFY,0,2.364,1.52408,1.676,1.52408
6,0.48,VERIFY,0,2.376,1.51872,1.684,1.51872
6,0.49,VERIFY,0,2.388,1.51,1.692,1.51
6,0.5,VERIFY,0,2.4,1.5,1.7,1.5
6,0.51,VERIFY,0,2.412,1.49,1.668,1.49
6,0.52,VERIFY,0,2.424,1.48,1.636,1.48
6,0.53,VERIFY,0,2.436,1.47,1.604,1.47
6,0.54,VERIFY,0,2.448,1.46,1.572,1.46
6,0.55,VERIFY,0,2.46,1.45,1.54,1.45
6,0.56,VERIFY,0,2.472,1.44,1.508,1.44
6,0.57,VERIFY,0,2.484,1.43,1.476,1.43
6,0.58,VERIFY,0,2.496,1.42,1.444,1.42
6,0.59,VERIFY,0,2.508,1.41,1.412,1.41
6,0.6,REPAIR,1,2.5,1.4,1.38,1.38
6,0.61,REPAIR,1,2.49,1.39,1.348,1.348
6,0.62,REPAIR,1,2.48,1.38,1.316,1.316
6,0.63,REPAIR,1,2.47,1.37,1.284,1.284
6,0.64,REPAIR,1,2.46,1.36,1.252,1.252
6,0.65,REPAIR,1,2.45,1.35,1.22,1.22
6,0.66,REPAIR,1,2.44,1.34,1.188,1.188
6,0.67,REPAIR,1,2.43,1.33,1.156,1.156
6,0.68,REPAIR,1,2.42,1.32,1.124,1.124
6,0.69,REPAIR,1,2.41,1.31,1.092,1.092
6,0.7,REPAIR,1,2.4,1.3,1.06,1.06
6,0.71,REPAIR,1,2.39,1.29,1.028,1.028
6,0.72,REPAIR,1,2.38,1.2784,0.996,0.996
6,0.73,REPAIR,1,2.37,1.2606,0.964,0.964
6,0.74,REPAIR,1,2.36,1.2428,0.932,0.932
6,0.75,REPAIR,1,2.35,1.225,0.9,0.9
6,0.76,REPAIR,1,2.34,1.2072,0.868,0.868
6,0.77,REPAIR,1,2.33,1.1894,0.836,0.836
6,0.78,REPAIR,1,2.32,1.1716,0.804,0.804
6,0.79,REPAIR,1,2.31,1.1538,0.772,0.772
6,0.8,REPAIR,1,2.3,1.136,0.74,0.74
6,0.81,REPAIR,1,2.29,1.1182,0.708,0.708
6,0.82,REPAIR,1,2.28,1.1004,0.676,0.676
6,0.83,REPAIR,1,2.27,1.0826,0.644,0.644
6,0.84,REPAIR,1,2.26,1.0648,0.612,0.612
6,0.85,REPAIR,1,2.25,1.047,0.58,0.58
6,0.86,REPAIR,1,2.24,1.02,0.548,0.548
6,0.87,REPAIR,1,2.23,0.99,0.516,0.516
6,0.88,REPAIR,1,2.22,0.96,0.484,0.484
6,0.89,REPAIR,1,2.21,0.93,0.452,0.452
6,0.9,REPAIR,1,2.2,0.9,0.42,0.42
6,0.91,REPAIR,1,2.19,0.87,0.388,0.388
6,0.92,REPAIR,1,2.18,0.84,0.356,0.356
6,0.93,REPAIR,1,2.17,0.81,0.324,0.324
6,0.94,REPAIR,1,2.16,0.78,0.292,0.292
6,0.95,REPAIR,1,2.15,0.75,0.26,0.26
6,0.96,REPAIR,1,2.14,0.72,0.228,0.228
6,0.97,REPAIR,1,2.13,0.69,0.196,0.196
6,0.98,REPAIR,1,2.12,0.66,0.164,0.164
6,0.99,REPAIR,1,2.11,0.63,0.132,0.132
6,1.0,REPAIR,1,2.1,0.6,0.1,0.1
8,0.0,KEEP,0,0.0,0.5,1.7,0.0
8,0.01,KEEP,0,0.18,0.66,1.704,0.18
8,0.02,KEEP,0,0.36,0.79264,1.708,0.36
8,0.03,KEEP,0,0.54,0.86296,1.712,0.54
8,0.04,KEEP,0,0.72,0.9295424,1.716,0.72
8,0.05,KEEP,0,0.9,0.994168,1.72,0.9
8,0.06,VERIFY,0,1.08,1.058,1.724,1.058
8,0.07,VERIFY,0,1.1954,1.1206,1.728,1.1206
8,0.08,VERIFY,0,1.2576,1.1664,1.732,1.1664
8,0.09,VERIFY,0,1.3198,1.211664,1.736,1.211664
8,0.1,VERIFY,0,1.382,1.25216,1.74,1.25216
8,0.11,VERIFY,0,1.4442,1.292656,1.744,1.292656
8,0.12,VERIFY,0,1.5048,1.333152,1.748,1.333152
8,0.13,VERIFY,0,1.5608,1.373648,1.752,1.373648
8,0.14,VERIFY,0,1.616352,1.413696,1.756,1.413696
8,0.15,VERIFY,0,1.67072,1.45256,1.76,1.45256
8,0.16,VERIFY,0,1.725088,1.491424,1.764,1.491424
8,0.17,VERIFY,0,1.779456,1.530288,1.768,1.530288
8,0.18,VERIFY,0,1.833824,1.569152,1.772,1.569152
8,0.19,VERIFY,0,1.888,1.608016,1.776,1.608016
8,0.2,VERIFY,0,1.94,1.64688,1.78,1.64688
8,0.21,VERIFY,0,1.992,1.685744,1.784,1.685744
8,0.22,VERIFY,0,2.044,1.71256,1.788,1.71256
8,0.23,VERIFY,0,2.096,1.72004,1.792,1.72004
8,0.24,VERIFY,0,2.124,1.72752,1.796,1.72752
8,0.25,VERIFY,0,2.15,1.735,1.8,1.735
8,0.26,VERIFY,0,2.176,1.74248,1.804,1.74248
8,0.27,VERIFY,0,2.202,1.74536,1.808,1.74536
8,0.28,VERIFY,0,2.228,1.74304,1.812,1.74304
8,0.29,VERIFY,0,2.2464,1.74072,1.816,1.74072
8,0.3,VERIFY,0,2.264,1.7384,1.82,1.7384
8,0.31,VERIFY,0,2.2816,1.73608,1.824,1.73608
8,0.32,VERIFY,0,2.2992,1.73376,1.828,1.73376
8,0.33,VERIFY,0,2.3168,1.73144,1.832,1.73144
8,0.34,VERIFY,0,2.3344,1.72912,1.836,1.72912
8,0.35,VERIFY,0,2.352,1.726352,1.84,1.726352
8,0.36,VERIFY,0,2.3696,1.7223552,1.844,1.7223552
8,0.37,VERIFY,0,2.3872,1.7183584,1.848,1.7183584
8,0.38,VERIFY,0,2.4048,1.7143616,1.852,1.7143616
8,0.39,VERIFY,0,2.42208,1.7103136,1.856,1.7103136
8,0.4,VERIFY,0,2.4368,1.705856,1.86,1.705856
8,0.41,VERIFY,0,2.45152,1.7013984,1.864,1.7013984
8,0.42,VERIFY,0,2.46624,1.6969408,1.868,1.6969408
8,0.43,VERIFY,0,2.48096,1.6924832,1.872,1.6924832
8,0.44,VERIFY,0,2.49568,1.6880256,1.876,1.6880256
8,0.45,VERIFY,0,2.5104,1.683568,1.88,1.683568
8,0.46,VERIFY,0,2.52512,1.6791104,1.884,1.6791104
8,0.47,VERIFY,0,2.53984,1.6746528,1.888,1.6746528
8,0.48,VERIFY,0,2.55456,1.6701952,1.892,1.6701952
8,0.49,VERIFY,0,2.56928,1.6652,1.896,1.6652
8,0.5,VERIFY,0,2.584,1.66,1.9,1.66
8,0.51,VERIFY,0,2.59872,1.6548,1.864,1.6548
8,0.52,VERIFY,0,2.61344,1.6496,1.828,1.6496
8,0.53,VERIFY,0,2.624,1.6444,1.792,1.6444
8,0.54,VERIFY,0,2.632,1.6392,1.756,1.6392
8,0.55,VERIFY,0,2.64,1.63,1.72,1.63
8,0.56,VERIFY,0,2.648,1.616,1.684,1.616
8,0.57,VERIFY,0,2.656,1.602,1.648,1.602
8,0.58,VERIFY,0,2.664,1.588,1.612,1.588
8,0.59,VERIFY,0,2.672,1.574,1.576,1.574
8,0.6,REPAIR,1,2.66,1.56,1.54,1.54
8,0.61,REPAIR,1,2.646,1.545944,1.504,1.504
8,0.62,REPAIR,1,2.632,1.528848,1.468,1.468
8,0.63,REPAIR,1,2.618,1.511752,1.432,1.432
8,0.64,REPAIR,1,2.604,1.494656,1.396,1.396
8,0.65,REPAIR,1,2.59,1.47756,1.36,1.36
8,0.66,REPAIR,1,2.576,1.460464,1.324,1.324
8,0.67,REPAIR,1,2.562,1.443368,1.288,1.288
8,0.68,REPAIR,1,2.548,1.426272,1.252,1.252
8,0.69,REPAIR,1,2.534,1.409176,1.216,1.216
8,0.7,REPAIR,1,2.52,1.39208,1.18,1.18
8,0.71,REPAIR,1,2.506,1.374984,1.144,1.144
8,0.72,REPAIR,1,2.492,1.357632,1.108,1.108
8,0.73,REPAIR,1,2.478,1.339288,1.072,1.072
8,0.74,REPAIR,1,2.464,1.320944,1.036,1.036
8,0.75,REPAIR,1,2.45,1.3026,1.0,1.0
8,0.76,REPAIR,1,2.436,1.284256,0.964,0.964
8,0.77,REPAIR,1,2.422,1.265912,0.928,0.928
8,0.78,REPAIR,1,2.408,1.247568,0.892,0.892
8,0.79,REPAIR,1,2.394,1.229224,0.856,0.856
8,0.8,REPAIR,1,2.38,1.21088,0.82,0.82
8,0.81,REPAIR,1,2.366,1.192536,0.784,0.784
8,0.82,REPAIR,1,2.352,1.1724,0.748,0.748
8,0.83,REPAIR,1,2.338,1.1506,0.712,0.712
8,0.84,REPAIR,1,2.324,1.1288,0.676,0.676
8,0.85,REPAIR,1,2.31,1.107,0.64,0.64
8,0.86,REPAIR,1,2.296,1.076,0.604,0.604
8,0.87,REPAIR,1,2.282,1.042,0.568,0.568
8,0.88,REPAIR,1,2.268,1.008,0.532,0.532
8,0.89,REPAIR,1,2.254,0.974,0.496,0.496
8,0.9,REPAIR,1,2.24,0.94,0.46,0.46
8,0.91,REPAIR,1,2.226,0.906,0.424,0.424
8,0.92,REPAIR,1,2.212,0.872,0.388,0.388
8,0.93,REPAIR,1,2.198,0.838,0.352,0.352
8,0.94,REPAIR,1,2.184,0.804,0.316,0.316
8,0.95,REPAIR,1,2.17,0.77,0.28,0.28
8,0.96,REPAIR,1,2.156,0.736,0.244,0.244
8,0.97,REPAIR,1,2.142,0.702,0.208,0.208
8,0.98,REPAIR,1,2.128,0.668,0.172,0.172
8,0.99,REPAIR,1,2.114,0.634,0.136,0.136
8,1.0,REPAIR,1,2.1,0.6,0.1,0.1
